[array([[0.        , 0.        , 0.88855157, 0.        , 0.        ,
        0.        , 0.        ],
       [0.        , 0.        , 0.58944183, 0.        , 0.        ,
        0.        , 0.        ],
       [0.        , 0.        , 0.        , 0.        , 0.        ,
        0.        , 0.        ],
       [0.        , 0.        , 0.        , 0.        , 0.        ,
        0.        , 0.43908484],
       [0.        , 0.        , 0.        , 0.        , 0.        ,
        0.        , 0.        ],
       [0.        , 0.        , 0.        , 0.        , 0.        ,
        0.48501491, 0.63979245]]), array([[ 0.        ,  0.        ],
       [ 0.        , -0.32479642],
       [ 0.        ,  0.        ],
       [ 0.        ,  0.        ],
       [ 0.        ,  0.        ],
       [ 0.        ,  0.        ],
       [-0.80988091,  0.        ]])]